-4.329377412796020508e-01,8.499211817979812622e-02,-1.786623895168304443e-01,-2.425375580787658691e-01,2.609317898750305176e-01,5.751935765147209167e-02,-2.557971477508544922e-01,2.032577395439147949e-01,-1.280744820833206177e-01,1.974824517965316772e-01,-1.647163182497024536e-01,1.466852128505706787e-01,-3.680215179920196533e-01,-1.177149787545204163e-01,-1.321290582418441772e-01,6.245042011141777039e-02,1.368258241564035416e-02,-3.748878240585327148e-01,3.160488009452819824e-01,1.226713955402374268e-01,1.075482666492462158e-01,1.625279635190963745e-01,-2.187025547027587891e-01,2.402651607990264893e-01,3.294133543968200684e-01,-1.003660112619400024e-01,3.120453283190727234e-02,5.642716586589813232e-02,-1.722083054482936859e-02,-1.079301536083221436e-01,-8.984875679016113281e-02,2.085514962673187256e-01,-1.351782307028770447e-02,1.322010308504104614e-01,2.355065792798995972e-01,-4.113952219486236572e-01,-2.082167938351631165e-02,7.112486660480499268e-02,3.298618495464324951e-01,-6.307919323444366455e-02,-1.169353127479553223e-01,-1.438808739185333252e-01,-1.227844282984733582e-01,-1.370489299297332764e-01,-3.134391829371452332e-02,6.987120956182479858e-02,-6.685728579759597778e-02,1.554118543863296509e-01,1.618148684501647949e-01,-1.994477398693561554e-02
-1.040647029876708984e-01,3.618004024028778076e-01,2.192042171955108643e-01,-8.568830788135528564e-02,-1.106867566704750061e-01,-1.115700751543045044e-01,1.516901552677154541e-01,1.847687214612960815e-01,5.316633731126785278e-02,-9.405425190925598145e-02,4.824152886867523193e-01,1.545252650976181030e-01,-1.499718725681304932e-01,1.866291463375091553e-01,-4.711311757564544678e-01,2.053320407867431641e-01,-2.846985310316085815e-02,7.820965722203254700e-03,5.133527889847755432e-02,-3.667493462562561035e-01,1.291038002818822861e-03,-6.177683472633361816e-01,-2.621472179889678955e-01,7.728333026170730591e-02,7.354471832513809204e-02,-9.150228463113307953e-03,-2.896294295787811279e-01,1.921411305665969849e-01,-3.494790792465209961e-01,-2.086823582649230957e-01,-1.659056246280670166e-01,-1.333362907171249390e-01,-7.216025888919830322e-02,-3.217302262783050537e-02,-2.448694258928298950e-01,-1.045655086636543274e-01,-1.686712801456451416e-01,-2.786355651915073395e-02,-1.306535005569458008e-01,5.373118817806243896e-02,1.581604778766632080e-01,3.678714483976364136e-02,-2.631914913654327393e-01,-2.640814483165740967e-01,-3.182420134544372559e-01,1.875964552164077759e-01,2.247652411460876465e-02,-1.149597391486167908e-01,-4.345158860087394714e-02,-3.157393038272857666e-01
-3.606162369251251221e-01,-1.679848730564117432e-01,-1.160668656229972839e-01,2.151662856340408325e-01,4.499434679746627808e-02,-1.149087911471724510e-03,8.987434953451156616e-02,-3.183278739452362061e-01,-3.628849089145660400e-01,-1.926118135452270508e-02,1.444616466760635376e-01,-2.108061872422695160e-02,-4.391568303108215332e-01,2.010250836610794067e-01,1.451687235385179520e-02,5.208217725157737732e-02,5.261414498090744019e-02,-1.598485708236694336e-01,3.091183602809906006e-01,-7.292672246694564819e-02,-2.046912312507629395e-01,1.616770327091217041e-01,1.164806261658668518e-01,4.238719642162322998e-01,-3.894331678748130798e-02,-9.426116198301315308e-02,1.332979928702116013e-02,2.301431745290756226e-01,1.677023321390151978e-01,-2.529364228248596191e-01,1.582115702331066132e-02,3.699172139167785645e-01,1.381558775901794434e-01,3.138870298862457275e-01,-1.242282763123512268e-01,2.746483497321605682e-02,-1.471954435110092163e-01,6.517472863197326660e-02,-4.855387657880783081e-02,2.898832857608795166e-01,-1.540523320436477661e-01,1.311253663152456284e-02,-5.277643352746963501e-02,2.940526306629180908e-01,-1.413796544075012207e-01,1.541572511196136475e-01,3.588085770606994629e-01,-9.372895956039428711e-02,5.194723010063171387e-01,-4.980443418025970459e-02
-6.145591288805007935e-02,-2.837581038475036621e-01,-3.873263299465179443e-01,-2.709521651268005371e-01,8.990667015314102173e-02,8.738718181848526001e-02,-2.138532251119613647e-01,-1.821788549423217773e-01,-6.421229243278503418e-02,4.492422044277191162e-01,5.801439285278320312e-01,-1.942170560359954834e-01,-1.228213310241699219e-01,4.977223575115203857e-01,-1.246968191117048264e-02,-3.435187637805938721e-01,-5.304054617881774902e-01,-1.500311791896820068e-01,-1.111113056540489197e-01,2.501053214073181152e-01,-3.296931982040405273e-01,4.605396464467048645e-02,-2.624068856239318848e-01,-1.550742834806442261e-01,-2.239824980497360229e-01,-2.918096184730529785e-01,-2.550047636032104492e-01,-1.690587773919105530e-02,2.731246873736381531e-02,-3.609012663364410400e-01,-1.295102834701538086e-01,-1.889681443572044373e-02,-9.351580403745174408e-03,-2.240719646215438843e-01,-3.656631410121917725e-01,-2.259229421615600586e-01,-1.031559109687805176e-01,1.498079150915145874e-01,4.113018885254859924e-02,1.504378765821456909e-01,1.302052438259124756e-01,-7.001281715929508209e-03,-2.689805030822753906e-01,-2.880031764507293701e-01,-2.844788730144500732e-01,-1.300168782472610474e-01,3.364778161048889160e-01,-2.875016331672668457e-01,2.050733268260955811e-01,-3.116105198860168457e-01
-3.098306655883789062e-01,2.648187875747680664e-01,2.946707308292388916e-01,1.865577399730682373e-01,2.949994802474975586e-02,4.580637440085411072e-02,6.807401776313781738e-02,3.270747065544128418e-01,-1.951144784688949585e-01,-1.557583361864089966e-01,3.091391623020172119e-01,-1.312726438045501709e-01,-4.289889633655548096e-01,-1.087521240115165710e-01,-1.942738741636276245e-01,8.065696805715560913e-02,1.636411696672439575e-01,-5.631387978792190552e-02,9.752718359231948853e-02,-1.196636185050010681e-01,2.921335399150848389e-01,-4.845688864588737488e-02,3.821207582950592041e-02,3.220024704933166504e-02,2.434644848108291626e-01,-1.817318201065063477e-01,-1.590662002563476562e-01,-1.976534277200698853e-01,-3.322192234918475151e-03,-4.945550858974456787e-02,2.983141504228115082e-02,-6.001029908657073975e-02,-2.476586401462554932e-01,1.099569350481033325e-01,-3.566689044237136841e-02,6.830447912216186523e-02,-2.860215306282043457e-01,2.737368047237396240e-01,-2.574225068092346191e-01,5.027066469192504883e-01,1.769437193870544434e-01,-2.619799673557281494e-01,1.734710931777954102e-01,-4.228733777999877930e-01,-2.473741471767425537e-01,4.784651100635528564e-02,5.352267026901245117e-01,-8.201414346694946289e-02,4.308246076107025146e-01,2.515954673290252686e-01
-1.079133301973342896e-01,2.956745922565460205e-01,-1.198869943618774414e-01,-2.189801782369613647e-01,5.351150035858154297e-02,5.702522397041320801e-02,-2.650399208068847656e-01,-1.495371758937835693e-01,-5.276536568999290466e-02,2.584949433803558350e-01,1.531084477901458740e-01,-6.221025716513395309e-03,-4.789270926266908646e-03,1.618782579898834229e-01,1.680074334144592285e-01,1.518558561801910400e-01,1.085287183523178101e-01,4.041974246501922607e-02,1.594479382038116455e-01,-2.507250308990478516e-01,3.736566901206970215e-01,-3.718270957469940186e-01,-2.435021996498107910e-01,3.874120069667696953e-03,1.931673288345336914e-01,2.597657740116119385e-01,1.131870076060295105e-01,-2.057474553585052490e-01,-1.294617056846618652e-01,-1.253839731216430664e-01,6.581347435712814331e-02,6.245543062686920166e-02,5.388408433645963669e-03,-8.619505912065505981e-02,-8.113139122724533081e-02,-5.187499523162841797e-01,-2.742448747158050537e-01,3.471600711345672607e-01,6.994338333606719971e-02,1.584607809782028198e-01,-7.101193815469741821e-02,-5.625659599900245667e-02,-1.783871203660964966e-01,-3.138980269432067871e-01,-4.564094543457031250e-02,1.585287600755691528e-01,4.771821200847625732e-02,1.235471591353416443e-01,1.199878752231597900e-01,2.074161320924758911e-01
-1.093624234199523926e-01,2.754670754075050354e-02,-1.209645271301269531e-01,-4.655976295471191406e-01,1.124569699168205261e-01,-2.119452655315399170e-01,-2.411658614873886108e-01,3.177791833877563477e-01,-2.489920258522033691e-01,1.532465964555740356e-01,-9.146910160779953003e-02,1.082487851381301880e-01,-1.294135898351669312e-01,-8.006501942873001099e-02,-3.860490163788199425e-03,1.581275165081024170e-01,4.520397186279296875e-01,-3.687894046306610107e-01,-4.148414134979248047e-01,1.224302947521209717e-01,-1.478202044963836670e-01,-1.322279721498489380e-01,-3.680199384689331055e-01,1.817130446434020996e-01,-1.255386322736740112e-01,-3.424761891365051270e-01,1.295691877603530884e-01,4.368659108877182007e-02,2.309801876544952393e-01,1.547324359416961670e-01,-1.310259848833084106e-01,-2.519719004631042480e-01,-1.122705638408660889e-01,-1.713876575231552124e-01,-7.168570160865783691e-02,-1.989200860261917114e-01,5.223426222801208496e-02,-7.381126284599304199e-02,-1.762512773275375366e-01,-2.136099785566329956e-01,1.224142387509346008e-01,1.020632535219192505e-01,1.644017696380615234e-01,-1.321019679307937622e-01,1.042343229055404663e-01,6.566812843084335327e-02,-1.867768615484237671e-01,-1.568639278411865234e-01,4.810791313648223877e-01,-1.875811368227005005e-01
2.404562681913375854e-01,-2.082487568259239197e-02,2.843791060149669647e-02,-1.525441855192184448e-01,3.727621957659721375e-02,-1.370413899421691895e-01,2.981054186820983887e-01,-5.706106498837471008e-02,1.261467784643173218e-01,-9.776352345943450928e-02,1.027876138687133789e-01,1.423805207014083862e-01,-2.760666608810424805e-01,-2.477395683526992798e-01,-1.152379363775253296e-01,-3.408663570880889893e-01,8.039679378271102905e-02,7.929250597953796387e-03,1.835307329893112183e-01,-1.689514368772506714e-01,7.566288113594055176e-02,1.263295114040374756e-02,-3.587097227573394775e-01,-1.728866994380950928e-01,-1.643300354480743408e-01,-1.664251685142517090e-01,4.233138635754585266e-02,-1.405937224626541138e-01,3.131992816925048828e-01,-4.574451446533203125e-01,-4.952795207500457764e-01,3.057362139225006104e-01,-4.154246747493743896e-01,2.369916290044784546e-01,-3.390415757894515991e-02,-7.816427946090698242e-02,7.014979422092437744e-02,-2.641811966896057129e-01,-2.194801270961761475e-01,4.768536612391471863e-02,8.757894486188888550e-02,1.560520231723785400e-01,-2.919618189334869385e-01,9.530851244926452637e-02,-1.441146582365036011e-01,-1.688455604016780853e-02,-1.139940842986106873e-01,-1.028450205922126770e-01,4.716854989528656006e-01,-3.779896721243858337e-02
1.818347722291946411e-01,5.955560505390167236e-02,1.321245431900024414e-01,-3.315499126911163330e-01,1.529945880174636841e-01,-2.091734707355499268e-01,7.013180851936340332e-02,-2.246575988829135895e-02,1.367714852094650269e-01,1.075824499130249023e-01,2.706319987773895264e-01,1.633249968290328979e-02,-1.402821987867355347e-01,-2.533483207225799561e-01,2.359737157821655273e-01,-2.408560961484909058e-01,4.848732787650078535e-04,-6.621467322111129761e-02,1.577600687742233276e-01,-1.565051227807998657e-01,-9.034658968448638916e-02,1.046090126037597656e-01,-2.142585515975952148e-01,-1.064522117376327515e-01,-1.440239995718002319e-01,6.354682147502899170e-02,2.324902564287185669e-01,1.018763110041618347e-01,-6.948934495449066162e-02,-3.038440048694610596e-01,-1.375258564949035645e-01,3.911895453929901123e-01,-2.450477182865142822e-01,2.499812245368957520e-01,4.620421305298805237e-02,-1.215071454644203186e-01,-5.438223108649253845e-02,-3.392475545406341553e-01,-1.237399205565452576e-01,-3.711174428462982178e-02,1.337822079658508301e-01,-1.724034696817398071e-01,-2.231792211532592773e-01,1.005410254001617432e-01,1.690827459096908569e-01,2.397135794162750244e-01,-7.113597542047500610e-02,-2.425584495067596436e-01,3.111130893230438232e-01,-9.056108072400093079e-03
3.502252101898193359e-01,1.386998891830444336e-01,-8.066231757402420044e-02,-1.992278099060058594e-01,7.509654164314270020e-01,5.766474083065986633e-02,2.051976472139358521e-01,1.018342673778533936e-01,-2.042556852102279663e-01,-1.599768996238708496e-01,3.378742933273315430e-01,8.892928808927536011e-02,-2.965891063213348389e-01,-2.231233716011047363e-01,-4.551407322287559509e-02,-2.477767616510391235e-01,2.704044431447982788e-02,-1.884185969829559326e-01,-4.478086829185485840e-01,6.853397935628890991e-02,1.752920895814895630e-01,-4.623497650027275085e-02,-3.401629328727722168e-01,4.470273852348327637e-02,8.708553016185760498e-02,-1.275701969861984253e-01,6.957308948040008545e-02,2.701602131128311157e-02,1.117088198661804199e-01,1.152841523289680481e-01,-8.882804960012435913e-02,-8.864088915288448334e-03,-2.433182746171951294e-01,-2.335227280855178833e-01,-1.841735094785690308e-01,-1.342723965644836426e-01,2.289541512727737427e-01,-1.882845312356948853e-01,1.181269809603691101e-02,2.558270394802093506e-01,-1.395574510097503662e-01,-1.559472829103469849e-01,2.172714322805404663e-01,1.686812639236450195e-01,2.082884311676025391e-02,2.073498815298080444e-01,-1.814471185207366943e-01,-1.942013949155807495e-01,1.966561079025268555e-01,-1.899497807025909424e-01
4.585694074630737305e-01,-2.115796655416488647e-01,1.228787899017333984e-01,-3.147189915180206299e-01,-1.825707405805587769e-01,6.985370069742202759e-02,1.679688543081283569e-01,-1.672863066196441650e-01,-2.332830876111984253e-01,-1.359083205461502075e-01,3.252118229866027832e-01,-1.749473512172698975e-01,-1.452038884162902832e-01,-2.663928568363189697e-01,-3.886027932167053223e-01,-1.506952196359634399e-01,-2.715861797332763672e-02,3.093504905700683594e-02,-2.432721406221389771e-01,-2.100155204534530640e-01,1.725051105022430420e-01,4.901534914970397949e-01,-4.147634208202362061e-01,2.899858057498931885e-01,2.849341928958892822e-01,-1.505818665027618408e-01,-1.668191105127334595e-01,-1.625792384147644043e-01,1.062883958220481873e-01,-8.339261263608932495e-02,-1.650979518890380859e-01,-2.597046792507171631e-01,6.173186004161834717e-02,-2.661252021789550781e-01,5.336638540029525757e-02,3.809485435485839844e-01,-5.745717510581016541e-02,2.694249749183654785e-01,-5.906541272997856140e-02,4.323535561561584473e-01,-1.809726208448410034e-01,-1.721574217081069946e-01,2.002279087901115417e-02,-3.586602862924337387e-03,1.303019747138023376e-02,9.486969560384750366e-03,-1.301868259906768799e-02,-2.626906037330627441e-01,2.283401340246200562e-01,2.916223704814910889e-01
1.817069202661514282e-01,-1.875769793987274170e-01,-5.392309427261352539e-01,-2.595438063144683838e-01,1.137119904160499573e-01,-1.773483306169509888e-02,2.387016639113426208e-02,-9.814366698265075684e-02,2.380038350820541382e-01,-1.497280504554510117e-02,2.930821180343627930e-01,-1.514576748013496399e-02,1.182169690728187561e-01,-1.451682299375534058e-01,-2.505645751953125000e-01,3.183005377650260925e-02,2.473740279674530029e-01,2.911335229873657227e-02,-8.073685690760612488e-03,-3.953550159931182861e-01,1.917614340782165527e-01,3.574309051036834717e-01,-1.659576594829559326e-01,2.799797952175140381e-01,-1.021166890859603882e-01,-5.499842762947082520e-01,7.482746243476867676e-02,-1.649617552757263184e-01,5.864078644663095474e-03,4.138138592243194580e-01,4.105903673917055130e-03,1.307284086942672729e-01,8.043701946735382080e-02,-1.681378632783889771e-01,2.592056691646575928e-01,4.134441018104553223e-01,-6.348915398120880127e-02,1.504849195480346680e-01,-5.069184303283691406e-02,4.274705350399017334e-01,-4.989795982837677002e-01,7.519558817148208618e-02,-5.543751176446676254e-04,-6.345877051353454590e-02,2.725113332271575928e-01,-1.428939700126647949e-01,-1.500721275806427002e-01,-2.241792082786560059e-01,-5.105436779558658600e-03,-3.767221570014953613e-01
1.163916289806365967e-01,-1.694729030132293701e-01,2.550062239170074463e-01,-1.804268956184387207e-01,2.675637304782867432e-01,-4.688002914190292358e-02,-1.021743565797805786e-01,-2.233968973159790039e-01,-2.216713726520538330e-01,-3.706741034984588623e-01,7.304285764694213867e-01,-2.403277605772018433e-01,-3.392133116722106934e-02,1.299415379762649536e-01,-3.353795707225799561e-01,1.621456146240234375e-01,1.369700431823730469e-01,2.493110597133636475e-01,7.046344131231307983e-02,-2.631503641605377197e-01,6.391532719135284424e-02,1.385992616415023804e-01,2.491650879383087158e-01,2.539224624633789062e-01,1.306362301111221313e-01,-4.243333637714385986e-01,-5.042980983853340149e-02,-4.646762460470199585e-02,3.035207986831665039e-01,-3.314071893692016602e-02,-6.678871810436248779e-02,2.451256215572357178e-01,-4.148651286959648132e-02,-1.812262237071990967e-01,2.552759647369384766e-01,3.569566644728183746e-03,3.785286843776702881e-02,-1.091653481125831604e-02,4.429221153259277344e-02,4.420594573020935059e-01,5.693798512220382690e-02,-1.183714494109153748e-01,-6.082838028669357300e-02,5.519899725914001465e-02,2.826091349124908447e-01,1.020568385720252991e-01,-4.561066925525665283e-01,-1.269316226243972778e-01,3.524284437298774719e-02,-1.024501919746398926e-01
6.186240538954734802e-02,4.378118515014648438e-01,-2.392795383930206299e-01,-1.938407719135284424e-01,2.209395915269851685e-01,-2.575055956840515137e-01,4.706019908189773560e-02,-3.744294634088873863e-03,2.490486390888690948e-02,-2.272968590259552002e-01,1.047029867768287659e-01,1.826470047235488892e-01,-1.920547038316726685e-01,-1.187833864241838455e-02,-2.730631083250045776e-02,-7.839628309011459351e-02,2.308920770883560181e-01,-5.654073879122734070e-02,-8.603724092245101929e-02,-4.062207639217376709e-01,2.064636722207069397e-02,-1.274375431239604950e-02,-1.330630034208297729e-01,3.015273809432983398e-01,7.523978501558303833e-02,-1.738374084234237671e-01,1.262275874614715576e-01,7.622727751731872559e-02,-4.458825290203094482e-01,2.292637079954147339e-01,9.110710024833679199e-02,4.182306230068206787e-01,-1.055085584521293640e-01,-1.799419373273849487e-01,4.405686631798744202e-02,-9.287326037883758545e-02,-3.521591424942016602e-01,-2.020860556513071060e-03,-2.653823792934417725e-01,1.569849550724029541e-01,-2.725107669830322266e-01,3.593808040022850037e-02,-4.999976232647895813e-02,-1.023696437478065491e-01,-2.939417771995067596e-02,-2.904951870441436768e-01,3.746957704424858093e-02,7.183513790369033813e-02,3.275349438190460205e-01,1.512991487979888916e-01
-1.610260903835296631e-01,3.808496892452239990e-01,1.555044054985046387e-01,2.047033458948135376e-01,-1.441566832363605499e-02,-1.570972353219985962e-01,1.790455281734466553e-01,3.873678147792816162e-01,-2.157107740640640259e-02,2.101050913333892822e-01,3.451981842517852783e-01,-1.111551299691200256e-01,-3.091407120227813721e-01,8.690907806158065796e-02,-3.690334856510162354e-01,8.391069620847702026e-02,3.958413004875183105e-02,-3.301236927509307861e-01,-3.359642922878265381e-01,-1.698247939348220825e-01,-3.694604039192199707e-01,4.410574212670326233e-03,3.151822835206985474e-02,2.257847040891647339e-01,-6.355312187224626541e-03,-5.334241315722465515e-02,-3.105666637420654297e-01,-9.749333560466766357e-02,-6.707174330949783325e-02,-2.754736542701721191e-01,-6.041178107261657715e-02,-9.816565364599227905e-02,-1.251189857721328735e-01,-1.971884816884994507e-01,1.088585034012794495e-01,7.596994191408157349e-02,-4.074702858924865723e-01,6.650184094905853271e-02,-6.152643561363220215e-01,-2.859786450862884521e-01,2.283874303102493286e-01,1.423462331295013428e-01,-2.572995722293853760e-01,-1.107178404927253723e-01,1.657277196645736694e-01,3.081904351711273193e-01,2.358517050743103027e-01,-1.475271582603454590e-01,4.138809442520141602e-01,-6.101783365011215210e-02
3.081662356853485107e-01,8.763141930103302002e-02,-1.060144081711769104e-01,-3.167057037353515625e-01,2.763059139251708984e-01,3.473315238952636719e-01,-3.742565959692001343e-02,-5.740765482187271118e-02,8.549722842872142792e-03,-4.383403062820434570e-02,3.261243104934692383e-01,5.467928051948547363e-01,1.884696781635284424e-01,-1.352388262748718262e-01,-3.421309888362884521e-01,-2.544892393052577972e-02,-7.320299744606018066e-02,-2.932806611061096191e-01,5.968543514609336853e-02,7.693918794393539429e-02,-1.336612701416015625e-01,2.270163595676422119e-01,-8.441293239593505859e-02,1.611137576401233673e-02,4.037595391273498535e-01,-3.174556493759155273e-01,-1.329453438520431519e-01,1.328098922967910767e-01,-1.376530379056930542e-01,5.043457075953483582e-02,-3.157748579978942871e-01,-2.622123807668685913e-02,6.445247679948806763e-02,1.150043159723281860e-01,1.049053892493247986e-01,-8.531719446182250977e-02,-3.325942754745483398e-01,-9.385710954666137695e-02,1.659656018018722534e-01,2.396011650562286377e-01,6.945886462926864624e-02,-2.204677164554595947e-01,3.104261755943298340e-01,2.355529367923736572e-01,9.449952095746994019e-02,6.450154352933168411e-03,-3.589856028556823730e-01,-3.081963956356048584e-01,-5.403893068432807922e-02,-2.504462897777557373e-01
-2.963795959949493408e-01,-2.193334847688674927e-01,3.305896371603012085e-02,-2.877017855644226074e-01,-1.624210774898529053e-01,-1.072063669562339783e-01,1.014574244618415833e-01,2.180664688348770142e-01,-4.230683743953704834e-01,3.624716773629188538e-02,-1.130098998546600342e-01,1.445194333791732788e-01,-3.779209032654762268e-02,3.508846275508403778e-04,-3.515152260661125183e-02,2.473569512367248535e-01,-2.881902754306793213e-01,-2.004275918006896973e-01,1.599113196134567261e-01,2.728478908538818359e-01,8.967223763465881348e-02,-1.215485632419586182e-01,-3.652931451797485352e-01,2.319092154502868652e-01,4.069940000772476196e-02,-4.246888682246208191e-02,-1.281718313694000244e-01,1.962122470140457153e-01,6.372768431901931763e-02,9.427022933959960938e-02,3.337113559246063232e-02,3.439099788665771484e-01,2.039617002010345459e-01,1.611518561840057373e-01,-4.098189994692802429e-03,-2.368438094854354858e-01,-1.851631253957748413e-01,1.604421734809875488e-01,-3.685267642140388489e-02,5.164874717593193054e-03,-2.272796630859375000e-01,-9.382458776235580444e-02,2.642811089754104614e-02,-1.630139350891113281e-01,-8.901828527450561523e-02,1.348464488983154297e-01,1.952012814581394196e-02,-5.730952024459838867e-01,3.697407245635986328e-01,-3.678591921925544739e-02
-3.382283449172973633e-01,-1.860516071319580078e-01,-4.044760465621948242e-01,2.733224928379058838e-01,1.961431279778480530e-02,8.578442037105560303e-02,-1.615624576807022095e-01,-1.046963557600975037e-01,-1.868423968553543091e-01,1.535944193601608276e-01,2.033262550830841064e-01,4.778361320495605469e-01,1.842723339796066284e-01,-4.608897268772125244e-01,-8.340699225664138794e-02,-3.719206452369689941e-01,-8.690299093723297119e-02,-2.390750199556350708e-01,-1.557105481624603271e-01,8.936015516519546509e-02,3.975193202495574951e-01,-9.768419712781906128e-02,-6.551562808454036713e-03,3.481063544750213623e-01,3.025205433368682861e-01,-3.881369531154632568e-02,1.457919776439666748e-01,-5.290344953536987305e-01,-1.760871261358261108e-01,-6.882030516862869263e-02,-3.437488898634910583e-02,3.490185439586639404e-01,3.090374469757080078e-01,-3.225736916065216064e-01,9.813524782657623291e-03,-1.854390949010848999e-01,-2.609846889972686768e-01,-2.815492153167724609e-01,1.474937200546264648e-01,-1.402068231254816055e-02,-9.884517639875411987e-02,-7.659458369016647339e-02,-2.021769881248474121e-01,8.957631140947341919e-02,1.615508943796157837e-01,2.191364467144012451e-01,4.093404412269592285e-01,-3.527345359325408936e-01,5.099897831678390503e-02,5.112960934638977051e-02
1.367763876914978027e-01,-2.361431121826171875e-01,5.771163105964660645e-01,1.159885972738265991e-01,4.465374648571014404e-01,1.021066606044769287e-01,-1.585788428783416748e-01,-2.821477353572845459e-01,4.229760169982910156e-01,5.700091123580932617e-01,4.767055511474609375e-01,1.587046086788177490e-01,-2.720753550529479980e-01,-2.638760805130004883e-01,-1.460523456335067749e-01,1.341400854289531708e-02,6.841621994972229004e-01,2.499224841594696045e-01,-7.072701454162597656e-01,1.726708859205245972e-01,2.423684671521186829e-02,2.299084365367889404e-01,-5.089501142501831055e-01,-9.632356464862823486e-02,4.113242924213409424e-01,-3.195615410804748535e-01,-2.190883010625839233e-01,2.225198596715927124e-01,-2.701342105865478516e-02,-3.904750570654869080e-03,1.495914459228515625e-01,8.790881186723709106e-02,3.399688303470611572e-01,-2.042708843946456909e-01,-2.005746364593505859e-01,-3.363987207412719727e-01,5.983484908938407898e-02,9.562701731920242310e-02,8.853363245725631714e-02,-1.394673734903335571e-01,-6.379560567438602448e-03,7.046213746070861816e-02,8.092416077852249146e-02,6.122863665223121643e-02,9.880020469427108765e-02,-1.410498768091201782e-01,-4.729429259896278381e-02,-1.075138822197914124e-01,-2.137532681226730347e-01,-1.084905713796615601e-01
2.918381392955780029e-01,-1.309386920183897018e-02,9.632933884859085083e-02,3.897096589207649231e-02,-9.042503684759140015e-02,-8.165521174669265747e-02,3.298108875751495361e-01,5.085015296936035156e-01,-7.365952432155609131e-02,4.290193784981966019e-03,9.128091484308242798e-02,-1.276019662618637085e-01,-1.855439394712448120e-01,-1.842880249023437500e-01,-2.353722974658012390e-02,2.755097746849060059e-01,2.108389288187026978e-01,-1.987991183996200562e-01,-3.136689960956573486e-01,-5.097874626517295837e-02,-2.005353197455406189e-02,1.177661642432212830e-01,-1.836220920085906982e-01,-2.479713708162307739e-01,-1.411662399768829346e-01,-3.545382991433143616e-02,7.739991694688796997e-02,-1.522031985223293304e-02,-1.600906997919082642e-01,-2.654986977577209473e-01,-1.437274813652038574e-01,5.579737201333045959e-02,-7.675419002771377563e-02,1.685477197170257568e-01,2.687749266624450684e-01,-5.570225715637207031e-01,-5.197678208351135254e-01,2.290290407836437225e-02,-2.662079036235809326e-01,3.590062260627746582e-01,1.619598013348877430e-03,-2.432475611567497253e-02,1.162259057164192200e-01,-4.768021404743194580e-01,4.758033901453018188e-02,-1.653041690587997437e-01,2.035018801689147949e-01,-2.354613989591598511e-01,-1.824042201042175293e-01,2.874886691570281982e-01
-2.437099814414978027e-01,5.401004552841186523e-01,-2.912486493587493896e-01,6.834088265895843506e-02,-7.276265323162078857e-02,-1.990405470132827759e-01,2.006698101758956909e-01,-3.232216089963912964e-02,-3.307583034038543701e-01,4.653628170490264893e-01,2.680113017559051514e-01,-3.507092297077178955e-01,1.075575575232505798e-01,-2.144395262002944946e-01,3.481068909168243408e-01,-2.146180123090744019e-01,1.046375557780265808e-01,-6.560384631156921387e-01,7.658063620328903198e-02,-3.014481626451015472e-02,-4.671269059181213379e-01,-9.885068982839584351e-02,4.313709586858749390e-02,2.254785150289535522e-01,3.421694934368133545e-01,-3.150376379489898682e-01,1.004929542541503906e-01,-1.211022809147834778e-01,-3.693024814128875732e-01,-6.222150847315788269e-02,3.798609366640448570e-03,1.868424266576766968e-01,-1.451400965452194214e-01,2.957565188407897949e-01,-1.945249140262603760e-01,9.521967172622680664e-02,-3.345902562141418457e-01,2.933590412139892578e-01,-3.380503505468368530e-02,1.590494439005851746e-02,-6.904295831918716431e-02,1.025734245777130127e-01,1.098574176430702209e-01,-2.238389402627944946e-01,-2.299653179943561554e-02,7.351589947938919067e-02,2.027886360883712769e-01,-1.483286917209625244e-01,5.134910717606544495e-02,-1.433434486389160156e-01
1.416608244180679321e-01,-1.442936956882476807e-01,-3.507186770439147949e-01,1.429263353347778320e-01,1.197535619139671326e-01,-1.942456066608428955e-01,7.450649142265319824e-02,1.769368723034858704e-02,-2.956888377666473389e-01,4.574988484382629395e-01,2.302106320858001709e-01,8.527684211730957031e-02,-2.060264945030212402e-01,4.625992774963378906e-01,1.438797563314437866e-01,-1.004932671785354614e-01,-2.665990293025970459e-01,1.489328593015670776e-01,2.224049866199493408e-01,-1.744433045387268066e-01,-1.363437771797180176e-01,-2.427766472101211548e-01,-1.514759473502635956e-02,3.056806325912475586e-01,-7.669659703969955444e-02,-2.137085497379302979e-01,2.902874350547790527e-01,4.308754869271069765e-04,1.008267179131507874e-01,-9.675151854753494263e-02,7.038091868162155151e-02,-1.722317487001419067e-01,1.343332827091217041e-01,2.215752028860151768e-04,-4.745689779520034790e-02,-3.498717546463012695e-01,-2.944875657558441162e-01,-4.079185128211975098e-01,-2.068360627163201571e-04,1.448792219161987305e-01,8.815794438123703003e-02,-8.109857141971588135e-02,-1.901090294122695923e-01,4.455376863479614258e-01,-1.149941682815551758e-01,2.396277636289596558e-01,3.617696762084960938e-01,-3.451907336711883545e-01,2.263216823339462280e-01,1.514867544174194336e-01
-5.187149047851562500e-01,2.213495820760726929e-01,-2.315024435520172119e-01,-1.742597520351409912e-01,-1.963499188423156738e-01,-5.191143751144409180e-01,-1.717164367437362671e-01,2.991103231906890869e-01,4.199445247650146484e-01,2.367572337388992310e-01,5.470179766416549683e-02,-1.344538480043411255e-01,1.699237525463104248e-01,-6.051089987158775330e-02,3.058970868587493896e-01,-7.890273332595825195e-01,1.079981327056884766e-01,-1.250701993703842163e-01,5.542997121810913086e-01,-7.794371992349624634e-02,9.238909929990768433e-02,-2.596004307270050049e-02,-1.662903116084635258e-03,2.392416149377822876e-01,-1.735024005174636841e-01,-8.619102090597152710e-02,-1.176440641283988953e-01,3.137653172016143799e-01,-3.561873137950897217e-01,-9.313397854566574097e-02,-2.242258042097091675e-01,-1.391738653182983398e-02,-9.831003099679946899e-02,8.506225794553756714e-02,1.729687750339508057e-01,-2.402390353381633759e-02,-4.050002098083496094e-01,-3.408898711204528809e-01,-1.077116653323173523e-01,4.425509870052337646e-01,3.907487690448760986e-01,6.097844243049621582e-02,-2.560866475105285645e-01,-1.464098840951919556e-01,2.764642536640167236e-01,2.219118475914001465e-01,2.387045025825500488e-01,-4.145049452781677246e-01,4.023655951023101807e-01,8.203921467065811157e-02
1.999761760234832764e-01,3.431296721100807190e-02,5.792395398020744324e-02,6.005681753158569336e-01,1.991736143827438354e-01,7.988152652978897095e-02,-2.356143593788146973e-01,-1.395326852798461914e-01,-1.389840096235275269e-01,3.239989280700683594e-01,8.225293457508087158e-02,5.085498094558715820e-02,9.508610516786575317e-02,2.590316236019134521e-01,3.653325140476226807e-02,2.598250210285186768e-01,3.978961110115051270e-01,-3.502541184425354004e-01,-3.469273149967193604e-01,-4.062834195792675018e-03,-1.030777674168348312e-02,-1.306682708673179150e-03,-1.047622337937355042e-01,2.120355367660522461e-01,-2.408380061388015747e-01,-5.417941510677337646e-02,1.971758715808391571e-02,-1.128459051251411438e-01,2.521617412567138672e-01,-1.698670834302902222e-01,-3.671546578407287598e-01,-3.818589448928833008e-01,-1.615387573838233948e-02,3.333255946636199951e-01,4.870028235018253326e-03,-1.643462181091308594e-01,-3.722791075706481934e-01,-4.304406344890594482e-01,1.316718757152557373e-01,2.113468497991561890e-01,2.370958924293518066e-01,1.928408741950988770e-01,2.561730518937110901e-02,5.292561277747154236e-02,2.080902755260467529e-01,8.008939027786254883e-02,-7.426582276821136475e-02,-3.219676315784454346e-01,7.164046913385391235e-02,2.151742279529571533e-01
-2.291337996721267700e-01,2.841550409793853760e-01,-2.416606843471527100e-01,-1.363483723253011703e-02,-2.814570367336273193e-01,9.408664703369140625e-02,-2.200943082571029663e-01,-5.377728119492530823e-02,-5.721636414527893066e-01,4.308542013168334961e-01,-1.876797154545783997e-02,1.350374072790145874e-01,-1.281401216983795166e-01,3.018507063388824463e-01,2.028739154338836670e-01,-1.633932590484619141e-01,2.271706238389015198e-02,2.355038076639175415e-01,-5.331002175807952881e-02,-2.248425632715225220e-01,3.391512334346771240e-01,3.170876502990722656e-01,-3.850749731063842773e-01,5.601637959480285645e-01,-1.986671686172485352e-01,-3.509187325835227966e-02,2.884146571159362793e-01,1.607372909784317017e-01,-4.369649589061737061e-01,5.254090204834938049e-02,-3.648196458816528320e-01,1.489253193140029907e-01,-2.005844861268997192e-01,1.148575469851493835e-01,-1.238536089658737183e-01,5.377299711108207703e-02,-1.472778618335723877e-01,-1.339692175388336182e-01,-3.097623884677886963e-01,-6.499690562486648560e-02,1.821349561214447021e-01,-6.207222584635019302e-03,-2.862969338893890381e-01,-5.261871963739395142e-03,-4.434702452272176743e-03,4.058740139007568359e-01,3.074269592761993408e-01,2.572454884648323059e-02,-2.030446380376815796e-01,4.336532950401306152e-02
-7.942048460245132446e-02,3.815862536430358887e-01,-1.012056544423103333e-01,-1.746981889009475708e-01,-1.194867491722106934e-01,-3.675285354256629944e-02,2.295175641775131226e-01,4.673358984291553497e-03,-1.939616538584232330e-02,2.718414366245269775e-01,3.244578838348388672e-01,1.851613487815484405e-04,-5.042679980397224426e-02,2.536970078945159912e-01,3.014793992042541504e-01,1.992937922477722168e-01,3.554006516933441162e-01,-6.331969052553176880e-02,-4.011251032352447510e-02,9.838755428791046143e-02,3.096402883529663086e-01,-2.651450037956237793e-01,-1.362851113080978394e-01,3.776388466358184814e-01,1.245488375425338745e-01,-1.159464642405509949e-01,-9.038262069225311279e-02,-1.555180996656417847e-01,-6.541168689727783203e-02,6.072557717561721802e-02,1.163716316223144531e-01,-3.386637270450592041e-01,6.877101957798004150e-02,3.848160430788993835e-02,-4.073225557804107666e-01,-9.953394532203674316e-02,2.675667963922023773e-02,-1.461136192083358765e-01,2.315771132707595825e-01,5.588208511471748352e-02,-6.405247747898101807e-02,1.795237511396408081e-01,1.788554787635803223e-01,-2.756246328353881836e-01,-1.996842622756958008e-01,4.682634770870208740e-02,1.956060528755187988e-01,-2.625193893909454346e-01,4.035474359989166260e-01,6.145036895759403706e-04
2.264759987592697144e-01,3.011776506900787354e-01,-4.863100126385688782e-02,-7.924549281597137451e-03,2.364770919084548950e-01,3.724069595336914062e-01,1.404274553060531616e-01,1.649700999259948730e-01,-1.899552065879106522e-03,4.656920731067657471e-01,2.394071668386459351e-01,9.319222718477249146e-02,1.674335151910781860e-01,1.638672351837158203e-01,-1.907469481229782104e-01,-1.406090706586837769e-01,-3.770175948739051819e-02,-2.648945525288581848e-02,6.098042055964469910e-02,-1.524453749880194664e-03,-1.771913170814514160e-01,9.922931343317031860e-02,-2.803668379783630371e-01,-3.264205530285835266e-02,2.062050253152847290e-01,-4.622509703040122986e-02,1.466444283723831177e-01,3.025832958519458771e-02,-2.712298929691314697e-01,1.803517192602157593e-01,1.371888220310211182e-01,-2.538239583373069763e-02,2.707582414150238037e-01,-7.720181345939636230e-02,-2.980994246900081635e-02,-3.823653161525726318e-01,-2.279396802186965942e-01,1.861290484666824341e-01,-3.676268160343170166e-01,4.135879576206207275e-01,-4.058957099914550781e-01,-1.229430437088012695e-01,9.616941958665847778e-02,8.252036571502685547e-02,-3.471644222736358643e-02,-1.272267252206802368e-01,-1.524400413036346436e-01,1.814480274915695190e-01,1.717352122068405151e-01,2.939747869968414307e-01
3.787325620651245117e-01,2.434896118938922882e-02,-1.533813476562500000e-01,5.108392834663391113e-01,1.856274753808975220e-01,-1.545501649379730225e-01,2.038585990667343140e-01,3.916419148445129395e-01,-2.218652218580245972e-01,2.099740058183670044e-01,6.010057926177978516e-01,4.980686306953430176e-01,-6.122263073921203613e-01,-3.532017171382904053e-01,-2.669633924961090088e-01,-3.970922827720642090e-01,3.297690153121948242e-01,2.040416896343231201e-01,-6.468103528022766113e-01,-9.070149809122085571e-02,1.533471345901489258e-01,9.793585538864135742e-02,-3.230358064174652100e-01,-1.230067387223243713e-01,5.798607468605041504e-01,-2.519795894622802734e-01,-1.615423709154129028e-01,2.657422721385955811e-01,5.870664492249488831e-03,4.858371019363403320e-01,5.068336725234985352e-01,2.940485179424285889e-01,7.471917867660522461e-01,-1.243894994258880615e-01,-1.384727805852890015e-01,-3.599287271499633789e-01,-1.753510981798171997e-01,-3.708629906177520752e-01,2.321216315031051636e-01,-4.325016215443611145e-02,-1.867201551795005798e-02,4.739019572734832764e-01,8.262551575899124146e-02,-2.840087413787841797e-01,2.667977213859558105e-01,-2.293967753648757935e-01,-4.725520610809326172e-01,2.152141742408275604e-02,-4.339238107204437256e-01,-2.919950708746910095e-02
2.338865995407104492e-01,-1.807343810796737671e-01,3.994335830211639404e-01,-3.595888912677764893e-01,6.685528438538312912e-03,8.653562515974044800e-02,1.116373613476753235e-01,7.002459466457366943e-02,2.772388234734535217e-02,-1.170426756143569946e-01,4.605589509010314941e-01,1.380254924297332764e-01,-5.068529024720191956e-02,-1.832516640424728394e-01,-3.904774039983749390e-02,-1.165976449847221375e-01,1.676369458436965942e-01,-1.344566792249679565e-01,-2.103209495544433594e-02,-2.453943789005279541e-01,-2.818348258733749390e-02,-1.324736326932907104e-01,-3.093872368335723877e-01,2.604431509971618652e-01,3.171882033348083496e-02,-4.498091638088226318e-01,3.327152132987976074e-01,-2.390539646148681641e-02,2.111362069845199585e-01,-1.819471567869186401e-01,1.329495459794998169e-01,3.591458797454833984e-01,2.677947748452425003e-03,2.017416656017303467e-01,-8.133099228143692017e-02,-2.367298901081085205e-01,8.468206971883773804e-02,-1.385652273893356323e-01,-1.467383932322263718e-02,3.574281930923461914e-01,-2.927994430065155029e-01,-7.718604058027267456e-02,1.517771929502487183e-01,8.958072215318679810e-02,2.094691693782806396e-01,-2.190557569265365601e-01,-3.670874536037445068e-01,1.373772975057363510e-02,-4.289359971880912781e-02,-2.497133612632751465e-01
-6.972941756248474121e-02,8.136534690856933594e-02,8.638624101877212524e-02,-2.623457908630371094e-01,1.035876125097274780e-01,1.706652902066707611e-02,-3.345004469156265259e-02,-3.310509026050567627e-01,1.885745860636234283e-02,-2.460440620779991150e-02,-7.341032475233078003e-02,5.351875722408294678e-02,4.451749473810195923e-02,2.736262381076812744e-01,-1.606983244419097900e-01,7.728242874145507812e-02,9.567900002002716064e-02,-4.519544169306755066e-02,-1.320783644914627075e-01,-2.216885387897491455e-01,-2.758398950099945068e-01,-1.041267241816967726e-04,-6.108670309185981750e-02,3.106975555419921875e-01,1.067394986748695374e-01,-5.306816697120666504e-01,3.755449131131172180e-02,-2.762985825538635254e-01,1.667125076055526733e-01,5.754350870847702026e-02,-1.242417320609092712e-01,5.850351452827453613e-01,-1.649514883756637573e-01,1.831649690866470337e-01,6.821978837251663208e-02,-1.753617674112319946e-01,-1.672206819057464600e-01,1.409889757633209229e-01,8.399547636508941650e-02,8.131416887044906616e-02,2.986212968826293945e-01,-7.418241351842880249e-02,-2.753115445375442505e-02,-1.550672203302383423e-01,2.053219974040985107e-01,-1.837412118911743164e-01,-7.050258666276931763e-02,6.230629235506057739e-02,-1.521320194005966187e-01,-1.141142249107360840e-01
-1.741601526737213135e-01,-2.278561294078826904e-01,-3.515908867120742798e-02,3.353598415851593018e-01,-1.998229175806045532e-01,-8.644200861454010010e-02,-6.172973290085792542e-02,-1.366543024778366089e-01,5.474502220749855042e-02,-4.901711642742156982e-02,2.021442353725433350e-02,1.565793007612228394e-01,-5.058980733156204224e-02,-3.200247883796691895e-03,-1.055262312293052673e-01,-1.329706758260726929e-01,3.759074211120605469e-01,6.792682409286499023e-02,-1.548477262258529663e-01,-1.104619726538658142e-01,-1.067551132291555405e-02,5.333513766527175903e-02,-1.335349529981613159e-01,1.860925406217575073e-01,1.896817833185195923e-01,-1.330883651971817017e-01,-1.027255356311798096e-01,-1.935940533876419067e-01,7.428594678640365601e-02,-3.215958476066589355e-01,-4.636709690093994141e-01,-2.104625105857849121e-01,3.864994645118713379e-01,-9.110566228628158569e-02,-2.074423134326934814e-01,-3.133125603199005127e-01,-3.629521429538726807e-01,-3.950746953487396240e-01,1.804663427174091339e-02,1.871604770421981812e-01,5.164654925465583801e-02,4.631474018096923828e-01,-4.703188315033912659e-02,5.939745530486106873e-02,-5.934036895632743835e-02,-3.342816531658172607e-01,7.877904176712036133e-02,9.684604592621326447e-03,9.621633216738700867e-03,-5.026309192180633545e-02
2.397436797618865967e-01,-1.216942891478538513e-01,-1.189703773707151413e-02,1.699664294719696045e-01,-1.517148017883300781e-01,3.037984967231750488e-01,-1.177952960133552551e-01,-1.736802011728286743e-01,3.590839803218841553e-01,5.386863350868225098e-01,3.752209246158599854e-01,1.713056266307830811e-01,-5.585882663726806641e-01,-2.273238152265548706e-01,-3.748418390750885010e-01,1.748498976230621338e-01,8.657787740230560303e-02,-9.944808483123779297e-02,-3.174676895141601562e-01,7.789520174264907837e-02,3.709116205573081970e-02,2.234992235898971558e-01,-2.215434908866882324e-01,1.482810825109481812e-01,4.686282873153686523e-01,-7.592722028493881226e-02,-1.830668747425079346e-01,1.315343827009201050e-01,-3.173949196934700012e-02,-3.696210384368896484e-01,5.624731257557868958e-02,9.970565140247344971e-02,2.057152539491653442e-01,4.005961418151855469e-01,2.052397839725017548e-02,-7.041478157043457031e-01,2.808691263198852539e-01,-1.099878251552581787e-01,2.470657974481582642e-01,-1.925078034400939941e-01,-2.214677184820175171e-01,1.423266679048538208e-01,2.848431766033172607e-01,6.157259270548820496e-02,9.265008568763732910e-02,-7.153528183698654175e-02,-4.518203902989625931e-03,-3.540844023227691650e-01,-2.760849595069885254e-01,-2.800967693328857422e-01
-4.134741127490997314e-01,2.329114824533462524e-01,-1.337844133377075195e-01,5.285195633769035339e-02,-1.891388595104217529e-01,-4.483997821807861328e-02,1.414314210414886475e-01,8.754012174904346466e-03,3.403682410717010498e-01,2.360201478004455566e-01,-1.660415977239608765e-01,-1.390043795108795166e-01,1.331101655960083008e-01,3.476523756980895996e-01,-2.704247236251831055e-01,-7.927682995796203613e-02,-1.194760203361511230e-01,1.646671742200851440e-01,6.125303506851196289e-01,4.091180264949798584e-01,-3.410520777106285095e-02,5.723818019032478333e-02,-3.483275175094604492e-01,3.899745941162109375e-01,3.555794805288314819e-02,6.623113900423049927e-02,1.207730993628501892e-01,-2.512035667896270752e-01,2.517648786306381226e-02,2.946053445339202881e-01,-6.165463328361511230e-01,4.658432677388191223e-02,2.510555274784564972e-02,2.752285599708557129e-01,-5.448324084281921387e-01,-6.110243871808052063e-02,-2.198606431484222412e-01,-3.481106162071228027e-01,-4.160186648368835449e-01,5.441208481788635254e-01,-2.746934257447719574e-02,6.998557597398757935e-02,-1.049965396523475647e-01,-8.780557662248611450e-02,-2.238473147153854370e-01,-2.524228766560554504e-02,-3.123239241540431976e-02,-1.483574211597442627e-01,9.912527166306972504e-03,1.961569488048553467e-01
1.133968457579612732e-01,-6.010059639811515808e-02,-2.023552507162094116e-01,-1.945961564779281616e-01,1.444289237260818481e-01,1.268207728862762451e-01,2.031755745410919189e-01,8.494266308844089508e-03,-2.112900763750076294e-01,1.863029450178146362e-01,-2.408766001462936401e-02,-1.372058093547821045e-01,1.784608699381351471e-02,1.599189639091491699e-01,-2.301970422267913818e-01,2.005722522735595703e-01,1.246064379811286926e-01,5.451815202832221985e-03,3.135654032230377197e-01,-2.599677741527557373e-01,3.863117694854736328e-01,-3.502905964851379395e-01,-4.940910339355468750e-01,-4.471337497234344482e-01,3.400278985500335693e-01,-6.361852288246154785e-01,1.043109893798828125e-01,2.347123473882675171e-01,7.557863742113113403e-02,-1.791137307882308960e-01,2.315127663314342499e-02,-1.641711294651031494e-01,1.929957121610641479e-01,-3.649758175015449524e-02,1.048040837049484253e-01,-1.250733286142349243e-01,-1.637927293777465820e-01,-7.133258134126663208e-02,-3.043334186077117920e-01,-1.329991817474365234e-01,3.050649464130401611e-01,3.458366990089416504e-01,-2.399286031723022461e-01,-2.451498359441757202e-01,3.341394960880279541e-01,-1.591793000698089600e-01,1.984301209449768066e-01,-5.477082133293151855e-01,-5.043610557913780212e-02,2.291814386844635010e-01
-2.043009996414184570e-01,1.949440091848373413e-01,-3.485756460577249527e-03,-2.369333952665328979e-01,-7.649317383766174316e-02,6.285499036312103271e-02,1.878924518823623657e-01,2.494809776544570923e-01,1.298969537019729614e-01,9.044139832258224487e-02,5.659330487251281738e-01,-8.550129085779190063e-02,1.630881726741790771e-01,5.527481064200401306e-02,9.539993479847908020e-03,2.733013033866882324e-01,-5.918652564287185669e-02,1.203543171286582947e-01,4.784553647041320801e-01,-1.234346535056829453e-02,4.127674922347068787e-02,9.343262761831283569e-02,-1.887407600879669189e-01,4.083220660686492920e-02,1.981128193438053131e-02,-2.477164417505264282e-01,1.878930628299713135e-01,-4.067913889884948730e-01,-9.870745986700057983e-02,6.428246200084686279e-02,2.349340822547674179e-03,9.955332428216934204e-02,-1.962286233901977539e-01,2.891456186771392822e-01,2.753905653953552246e-01,-4.993115961551666260e-01,-2.272943854331970215e-01,-1.545010954141616821e-01,-1.976127624511718750e-01,-3.987800180912017822e-01,-3.041729629039764404e-01,1.379906833171844482e-01,-3.683959245681762695e-01,1.687463372945785522e-01,-2.541614472866058350e-01,-9.095699340105056763e-02,4.585412740707397461e-01,-6.394141353666782379e-03,6.014451384544372559e-01,-2.717323042452335358e-02
-4.632997214794158936e-01,2.474631648510694504e-03,4.418588876724243164e-01,1.270391494035720825e-01,1.871094554662704468e-01,2.362828254699707031e-01,2.118302881717681885e-01,6.972403079271316528e-02,2.452364265918731689e-01,9.867744147777557373e-02,3.260724842548370361e-01,-1.915964856743812561e-02,2.457514554262161255e-01,1.992056518793106079e-01,-4.273140728473663330e-01,3.360640630125999451e-02,9.787447750568389893e-02,-1.986250132322311401e-01,-2.790218591690063477e-01,-1.358762085437774658e-01,1.663362830877304077e-01,5.191646516323089600e-02,-1.200950965285301208e-01,2.025583200156688690e-02,4.905790984630584717e-01,4.464282095432281494e-02,-1.303844749927520752e-01,-4.854347556829452515e-02,5.155428051948547363e-01,4.674673378467559814e-01,-9.308459609746932983e-02,-5.845015868544578552e-02,-3.836077451705932617e-01,6.716638803482055664e-02,2.146153151988983154e-02,-2.630679011344909668e-01,6.037912145256996155e-02,2.040380984544754028e-01,8.559665083885192871e-02,5.531486272811889648e-01,1.161833778023719788e-01,-1.864909529685974121e-01,-2.828665971755981445e-01,2.679167389869689941e-01,4.231490492820739746e-01,-4.061562195420265198e-02,1.187846362590789795e-01,-2.834042243193835020e-04,2.115862630307674408e-02,-2.942760288715362549e-02
7.859428972005844116e-02,-3.125529736280441284e-02,1.973854154348373413e-01,-5.672801658511161804e-02,4.181057214736938477e-01,-1.669234484434127808e-01,-8.562556654214859009e-02,4.047597050666809082e-01,-2.579368352890014648e-01,1.671985685825347900e-01,5.813137888908386230e-01,2.470601350069046021e-01,-4.028393030166625977e-01,-8.161553740501403809e-02,-4.970761016011238098e-02,-8.082082867622375488e-02,2.228681445121765137e-01,-5.805066227912902832e-02,1.010970845818519592e-01,4.254707694053649902e-01,2.923538684844970703e-01,3.657299876213073730e-01,-2.098133265972137451e-01,-7.460539788007736206e-02,5.647050738334655762e-01,1.404227912425994873e-01,-1.156708821654319763e-01,-2.501672506332397461e-01,-1.606888025999069214e-01,-2.581839561462402344e-01,-2.331937700510025024e-01,-2.926302552223205566e-01,3.780519664287567139e-01,3.577151000499725342e-01,-8.078043162822723389e-02,2.515187263488769531e-01,-4.156635403633117676e-01,1.831903159618377686e-01,-2.856906130909919739e-02,-1.908362954854965210e-01,2.787884473800659180e-01,1.962631344795227051e-01,-2.024121135473251343e-01,1.573188751935958862e-01,3.823446109890937805e-02,2.634324133396148682e-01,-3.451716899871826172e-02,2.363476902246475220e-01,-2.007539942860603333e-02,-8.770146220922470093e-02
-5.526237487792968750e-01,-6.922929733991622925e-02,-1.237139180302619934e-01,-2.052284777164459229e-02,-3.204737603664398193e-02,-5.109247565269470215e-02,-2.703176252543926239e-02,-8.400908112525939941e-02,-2.865949869155883789e-01,-8.367986977100372314e-02,1.025905013084411621e-01,-1.537040770053863525e-01,3.575381934642791748e-01,2.325845211744308472e-01,-9.955232962965965271e-03,-2.999427542090415955e-02,4.165664687752723694e-02,-3.333837687969207764e-01,1.030409336090087891e-01,1.111175268888473511e-01,4.378088116645812988e-01,8.607497811317443848e-02,8.929979056119918823e-03,1.339357197284698486e-01,-7.408493757247924805e-02,-1.551837772130966187e-01,-1.344016641378402710e-01,9.006322920322418213e-02,-4.646736383438110352e-01,-1.087832674384117126e-01,-4.529900848865509033e-01,3.618205711245536804e-02,-6.496441364288330078e-02,3.339304029941558838e-01,8.938115835189819336e-02,-3.490506112575531006e-01,-6.020370870828628540e-02,-2.163995653390884399e-01,-6.024673581123352051e-02,-1.848386377096176147e-01,-2.799514681100845337e-02,5.050729513168334961e-01,-1.059322953224182129e-01,3.270785510540008545e-01,-2.134239524602890015e-01,-1.131431758403778076e-01,1.819178164005279541e-01,-1.061196178197860718e-01,1.081270277500152588e-01,-2.716206610202789307e-01
-7.445643544197082520e-01,2.255900651216506958e-01,-3.282098770141601562e-01,-1.173335476778447628e-03,-2.343410700559616089e-01,5.810998380184173584e-02,-2.685993015766143799e-01,-3.867061436176300049e-01,-1.804643720388412476e-01,4.484099745750427246e-01,2.294486761093139648e-01,-1.595130562782287598e-01,7.346056867390871048e-03,9.679235517978668213e-03,1.096837669610977173e-01,1.288959830999374390e-01,1.242348998785018921e-01,2.678929269313812256e-01,3.392670750617980957e-01,6.242017820477485657e-02,-2.252488881349563599e-01,-2.238941639661788940e-01,-4.783287271857261658e-02,-6.393781304359436035e-02,8.825287222862243652e-02,2.422963976860046387e-01,-1.057962253689765930e-01,4.919376224279403687e-02,1.004296541213989258e-01,-1.177215874195098877e-01,-3.455783128738403320e-01,1.300572305917739868e-01,-2.007010281085968018e-01,-1.676342487335205078e-01,1.581418514251708984e-02,-5.835739374160766602e-01,-3.142664134502410889e-01,-1.919806152582168579e-01,-4.082342982292175293e-01,2.565593123435974121e-01,-3.538538515567779541e-01,1.575592719018459320e-02,9.409309923648834229e-02,1.266230344772338867e-01,2.810227870941162109e-02,6.222835779190063477e-01,1.819118484854698181e-02,-3.588773310184478760e-01,-4.285955056548118591e-02,-4.828664958477020264e-01
6.784226000308990479e-02,7.353791594505310059e-02,-4.876115545630455017e-02,2.242217063903808594e-01,-7.332948502153158188e-03,-1.262355446815490723e-01,-7.996960729360580444e-02,-1.569564081728458405e-02,-1.945704519748687744e-01,9.269939363002777100e-02,9.637732803821563721e-02,2.329547852277755737e-01,-1.457086801528930664e-01,1.385852694511413574e-01,-2.733502388000488281e-01,-7.216031849384307861e-02,1.729083359241485596e-01,2.562133036553859711e-02,-2.056927382946014404e-01,-3.165542781352996826e-01,-1.019758060574531555e-01,-1.863954812288284302e-01,-7.320346683263778687e-02,-9.885836392641067505e-02,5.825519561767578125e-02,-2.491021752357482910e-01,-1.913329958915710449e-01,3.737463653087615967e-01,-1.414894610643386841e-01,1.095718592405319214e-01,-2.728142738342285156e-01,2.502403594553470612e-02,2.360346764326095581e-01,5.379877686500549316e-01,-1.701004356145858765e-01,-1.046965196728706360e-01,-2.259372919797897339e-01,3.112519383430480957e-01,1.162886992096900940e-01,3.455528020858764648e-01,-1.777607202529907227e-02,6.174080446362495422e-02,-4.000395163893699646e-02,-4.296749085187911987e-02,-2.768590748310089111e-01,-4.274487029761075974e-03,-3.830389305949211121e-02,2.973540425300598145e-01,3.845319151878356934e-01,4.532397165894508362e-02
-2.058470547199249268e-01,-1.735180467367172241e-01,4.306745827198028564e-01,4.789997041225433350e-01,4.380007088184356689e-01,-8.139762282371520996e-02,-3.058945834636688232e-01,-3.865397572517395020e-01,1.719849109649658203e-01,2.836948037147521973e-01,6.851617097854614258e-01,-1.246015578508377075e-01,-1.711770147085189819e-01,-3.434409573674201965e-02,-1.685919463634490967e-01,1.792392283678054810e-01,6.483728289604187012e-01,3.699326515197753906e-01,-4.109005331993103027e-01,2.699023783206939697e-01,2.072561979293823242e-01,1.704289615154266357e-01,-3.432370126247406006e-01,-9.822831302881240845e-02,3.105312883853912354e-01,-2.058529108762741089e-01,-2.414648681879043579e-01,2.976047694683074951e-01,-1.588750630617141724e-01,1.114418879151344299e-01,-3.051846623420715332e-01,1.052772626280784607e-01,3.641062378883361816e-01,-4.402921721339225769e-02,-3.521849215030670166e-01,-3.875949382781982422e-01,1.369542926549911499e-01,-1.684322059154510498e-01,-1.473885476589202881e-01,-2.400271361693739891e-03,3.217477500438690186e-01,-5.391110852360725403e-02,2.928043156862258911e-02,4.725484177470207214e-02,1.202127486467361450e-01,-1.211750060319900513e-01,-1.645298451185226440e-01,-2.470569312572479248e-01,-3.163353502750396729e-01,-1.141269207000732422e-01
-1.257101446390151978e-01,3.390775322914123535e-01,-6.323632597923278809e-02,-1.584018915891647339e-01,2.769431769847869873e-01,-3.093860149383544922e-01,-2.782521247863769531e-01,-4.191932976245880127e-01,-1.009451225399971008e-01,2.999537810683250427e-02,-1.187885925173759460e-01,-2.528024911880493164e-01,-1.341993641108274460e-02,1.773115992546081543e-02,-2.124018073081970215e-01,2.971282005310058594e-01,2.190570980310440063e-01,-4.284708201885223389e-01,7.992289215326309204e-02,-1.997008472681045532e-01,1.137395352125167847e-01,-5.311105772852897644e-02,1.091900765895843506e-01,1.744134128093719482e-01,1.355932503938674927e-01,4.326793551445007324e-02,1.316952053457498550e-02,6.808573752641677856e-02,-1.081083863973617554e-01,-1.081991791725158691e-01,-1.647542417049407959e-01,6.346244364976882935e-02,7.256607711315155029e-02,-5.141374655067920685e-03,-2.211395837366580963e-02,-2.998651564121246338e-01,-2.656186521053314209e-01,-7.520441710948944092e-02,2.724063210189342499e-02,-4.533674195408821106e-02,-2.840339541435241699e-01,2.735402882099151611e-01,-4.646345973014831543e-01,-2.540766894817352295e-01,-4.183839261531829834e-01,1.214868649840354919e-01,-2.533954679965972900e-01,-2.651891112327575684e-01,1.800810843706130981e-01,1.086993888020515442e-01
